{
  "featureNames": [
    "age",
    "length_of_stay_days",
    "num_previous_admissions",
    "num_medications",
    "hba1c",
    "blood_glucose_mg_dl",
    "systolic_bp_mmhg",
    "creatinine_mg_dl",
    "haemoglobin_g_dl",
    "total_charges_inr"
  ],
  "means": [
    52.1697,
    4.6521,
    0.774,
    6.4813,
    5.7005299999999774,
    103.3335,
    127.0704,
    1.0420399999999739,
    12.30996,
    50325.9211
  ],
  "stds": [
    18.298931714993717,
    4.743929340746919,
    1.1822537798629227,
    3.4552930859769315,
    1.200620139386304,
    35.81024542990455,
    21.036017775234907,
    0.585613044936659,
    1.6802383159539955,
    29393.184121344817
  ],
  "weights": [
    0.18174206554895195,
    -0.1082461529484674,
    0.26224604401774926,
    0.13589959810565935,
    0.0198467436952186,
    -0.0293490018614229,
    -0.002356629819057646,
    0.11196960230577438,
    -0.019258453490147952,
    -0.06658528466814354
  ],
  "bias": -0.7581717747397729
}